id,name,url,comment,muscle_group
1,Паучьи сгибания со штангой,https://cloud.mail.ru/public/jeCL/yV9f2bSFk,Оборудование: Штанга/Наклонная скамья | Статус: 🏋️,1
2,Сгибание рук со штангой проработка (статика в верней точке),https://cloud.mail.ru/public/PPpt/GxDjeWumX,Оборудование: Штанга | Статус: 🏠,1
3,Концентрированный подъем на  БИЦЕПС (С опорой в бедро сидя),https://cloud.mail.ru/public/iajo/jLXHKtUQX,Оборудование: Гантели | Статус: 🏠,1
4,Строгий подъем на бицепс,https://cloud.mail.ru/public/3gZb/4MDs44M4o,Оборудование: Штанга EZ | Статус: 🏠,1
5,Сгибание рук с гантелью с опорой плеча в наклонную скамью (разворот корпуса),https://cloud.mail.ru/public/VaF8/68zQ3QC2z,Оборудование: Гантель/Наклонная скамья | Статус: 🏋️,1
6,Сгибание рук с гантелями стоя с супинацией,https://cloud.mail.ru/public/kyqN/GgrhcCCY4,Оборудование: Гантели | Статус: 🏠,1
7,Сгибание рук в кроссовере с нижнего блока с канатной рукоятью,https://cloud.mail.ru/public/J9sL/nwGLci3uF,Оборудование: Кроссовер | Статус: 🏋️,1
8," Сгибание рук с гантелями сидя на откинутой скамье",https://cloud.mail.ru/public/so6K/ZsimQB4iG,Оборудование: Гантели | Статус: 🏋️,1
9,Сгибание рук с гантелями поочерёдно стоя с супинацией,https://cloud.mail.ru/public/PqyD/AKjLXmV7o,Оборудование: Гантели | Статус: 🏠,1
10,Сгибание рук с гантелями стоя обратным хватом,https://cloud.mail.ru/public/4KRU/YiwWVwV85,Оборудование: Гантели | Статус: 🏠,1
11,Сгибание рук с эсппандером,https://cloud.mail.ru/public/PX4M/BtPe7ZsG2,Оборудование: Эспандер | Статус: 🏠,1
12,Сгибание рук в кроссовере с нижнего блока с прямой рукоятью,https://cloud.mail.ru/public/kzWy/jsBMXjQiy,Оборудование: Кроссовер | Статус: 🏋️,1
13,Сгибание рук со штангой проработка ( верхняя амплитуда),https://cloud.mail.ru/public/cmEF/hMZjdQysd,Оборудование: Штанга | Статус: 🏠,1
14,Протяжка штанги вдоль корпуса,https://cloud.mail.ru/public/v6Sh/P38dGe1MQ,Оборудование: Штанга | Статус: 📹,1
15,Сгибание рук со штангой стоя с прямым грифом,https://cloud.mail.ru/public/xJxZ/TLyvxS7NQ,Оборудование: Штанга | Статус: 🏠,1
16,Концентрированный подъем на БИЦЕПС (без упора),https://cloud.mail.ru/public/ZYuA/XuBvU6Cot,Оборудование: Гантели | Статус: 🏠,1
17,Пуачьи сгибания с одной гантелью,https://cloud.mail.ru/public/v1oE/LqYDw7wcB,Оборудование: Гантели | Статус: 🏠,1
18,Сгибание рук на скамье Скотта прямой гриф - обратный хват,https://cloud.mail.ru/public/m5qa/BsX3XXck1,Оборудование: Штанга/скамья Скотта | Статус: 🏋️,1
19,Сгибание рук со штангой широким хватом,https://cloud.mail.ru/public/BaNe/oUVtNNg19,Оборудование: Штанга | Статус: 🏠,1
20,Сгибание рук в TRX ладони друг к другу,https://cloud.mail.ru/public/sVzA/y7QYHM81w,Оборудование: TRX | Статус: 📹,1
21,Сгибание рук со штангой стоя с EZ-грифом,https://cloud.mail.ru/public/ijQs/nss9FP5V3,Оборудование: Штанга EZ | Статус: 🏠,1
22,"Сгибание рук с гантелями сидя с супинацией ",https://cloud.mail.ru/public/Cimh/7jzBvgmwo,Оборудование: Гантели | Статус: 🏋️,1
23,Сгибание рук с гантелью с опорой плеча в наклонную скамью,https://cloud.mail.ru/public/Ag1W/FijQ1PSUM,Оборудование: Гантель/Наклонная скамья | Статус: 🏋️,1
24,Паучьи сгибания с гантелями,https://cloud.mail.ru/public/BH3W/dCCFiNGSb,Оборудование: Гантели/Наклонная скамья | Статус: 🏋️,1
25,Сгибание рук в кроссовере с нижнего блока лёжа,https://cloud.mail.ru/public/uXwr/yjk68Jnhz,Оборудование: Кроссовер | Статус: 🏋️,1
26,Сгибание рук в кроссовере с верхних блоков,https://cloud.mail.ru/public/dDQp/6drCkfC8u,Оборудование: Кроссовер | Статус: 🏋️,1
27,"Сгибание рук в  тренажере Скотта        ",https://cloud.mail.ru/public/2bdt/WPC1cZA2i,Оборудование: Трен. Скотта | Статус: 🏋️,1
28,Сгибание рук в кроссовере с нижнего блока с EZ-рукоятью,https://cloud.mail.ru/public/zDsR/AByNsUkbF,Оборудование: Кроссовер | Статус: 🏋️,1
29,Сгибание рук в TRX,https://cloud.mail.ru/public/BB8T/Edrqo1ra7,Оборудование: TRX | Статус: 🏠,1
30,Сгибание рук с нижнего блока с колен,https://cloud.mail.ru/public/p7ih/n4qEkjNYi,Оборудование: Кроссовер | Статус: 🏋️,1
31,Сгибание рук на скамье Скотта EZ -гриф - обратный  хват,https://cloud.mail.ru/public/MwfY/LZWEqeQPD,Оборудование: Штанга EZ | Статус: 🏠,1
32,Сгибание рук со штангой узким хватом.,https://cloud.mail.ru/public/Spkr/ZtK2eJ2Xz,Оборудование: Штанга EZ | Статус: 🏠,1
33,Сгибание одной руки в TRX,https://cloud.mail.ru/public/UVMe/5gC4uFCTL,Оборудование: TRX,1
34,Сгибание в кроссовере с нижнего блока по одной руке,https://cloud.mail.ru/public/ASWG/Uy1Q5Q1ZZ,Оборудование: Кроссовер | Статус: 🏋️,1
35,Сгибание рук со штангой проработка ( нижняя амплитуда),https://cloud.mail.ru/public/NYY2/7q4pt7CTR,Оборудование: Штанга | Статус: 🏠,1
36,"Сгибание рук с одной гантелью ",https://cloud.mail.ru/public/3zWv/mcCVCekPt,Оборудование: Гантели | Статус: 🏠,1
37,Сгибание рук лежа на наклонной скамье с ниж блока с ez-рукоять прямой хват,https://cloud.mail.ru/public/rcyp/LzYFrrh6t,Оборудование: Кроссовер | Статус: 🏠,2
38,Сгибание рук со штангой параллельный хват в скамье Скотта,https://cloud.mail.ru/public/u23k/zenjPkQtM,Оборудование: Штанга | Статус: 🏋️,2
39,Сгибание рук лежа на наклонной скамье с ниж блока с канатной рукоятью,https://cloud.mail.ru/public/vFfE/MBfVUkoaV,Оборудование: Кроссовер | Статус: ❓,2
40,Сгибание с нижнего блока одной рукой с упором плеча в скамью 45 гр,https://cloud.mail.ru/public/9xpk/1jaGXaeeF,Оборудование: Кроссовер | Статус: 🏋️,2
41,С гантелью с упором плеча в скамью,https://cloud.mail.ru/public/hgff/KQPyg3Lk5,Оборудование: Гантели | Статус: 🏋️,2
42,Сгибание рук со  штангой параллельным хватом стоя,https://cloud.mail.ru/public/WZoX/vfxZT4HvA,Оборудование: Штанга | Статус: 🏋️,2
43,Сгибание рук со штангой  ez-гриф прямым хватом стоя,https://cloud.mail.ru/public/xEJt/dJQ9Ehcmi,Оборудование: Штанга EZ | Статус: 🏋️,2
44,Сгибания Зотмана,https://cloud.mail.ru/public/G4g6/PdVzKjFjz,Оборудование: Гантели | Статус: 🏠,2
45,"""""Молоты""""",https://cloud.mail.ru/public/oRQp/k1ULwPZb2,Оборудование: Гантели | Статус: 🏠,2
46,"""""Молоты"""" к противоположному плечу",https://cloud.mail.ru/public/7fHb/a31YKYbhh,Оборудование: Гантели | Статус: 🏠,2
47,Сгибание по одной руке с нижнего блока нейтральным хватом,https://cloud.mail.ru/public/HS14/hZ5HjzERJ,Оборудование: Кроссовер | Статус: 🏠,2
48,Сгибание рук лежа наклонной скамье с верхнего блока с канатной р.,https://cloud.mail.ru/public/h6VE/N4BmSNXS2,Оборудование: Кроссовер | Статус: 🏋️,2
49,"""""Молоты"""" концентрированные (с упором плеча  в бедро)",https://cloud.mail.ru/public/1feb/jj1QCobZE,Оборудование: Гантели | Статус: 🏠,2
50,Сгибание рук в скамье Скотта EZ-гриф прямой хват,https://cloud.mail.ru/public/4h9P/JoTRmNGu6,Оборудование: Штанга EZ | Статус: 🏋️,2
51,Паучьи сгибания на брахиалис с канатной рукоятью,https://cloud.mail.ru/public/hHyA/prwkgyZ2o,Оборудование: Кроссовер | Статус: 🏋️,2
52,Колодец,https://drive.google.com/file/d/1pY23t9CEcdhaWYZreV15ltCLJVacJIBu/view?usp=sharing,"Оборудование: """"Колодец"""" | Статус: 📹",3
53,Разгибание запястий в блоке с согнутыми в локте руками,https://drive.google.com/file/d/1OaSxs3u3SJX-w8Gm0q_4gpT5DsJE9nYC/view?usp=sharing,Оборудование: Кроссовер | Статус: 📹,3
54,Сгибание запястья с гантелями стоя,https://drive.google.com/file/d/1ZuWGJTsS1NIVc-mXSHvnpZMahqygdn7l/view?usp=sharing,Оборудование: Гантели | Статус: 📹,3
55,Молот на луч,https://drive.google.com/file/d/1wQE6O6vUjVJo8O-LBAzWBwIqBNKiRW0c/view?usp=sharing,Оборудование: Молот | Статус: 📹,3
56,Разгибание запястья в блоке с согнутой в локте рукой,https://drive.google.com/file/d/1AMDCTOxoEkGDy-AVOJQDGC97vcd3WnmU/view?usp=sharing,Оборудование: Кроссовер | Статус: 📹,3
57,Подъем одной гантели  из-за головы,https://cloud.mail.ru/public/rAVU/cVKL1VKxX,Оборудование: Гантели,4
58,Подъем гантели из-за  головы сидя,https://cloud.mail.ru/public/7g2L/fuWp66kzy,Оборудование: Гантели,4
59,Обратные отжимаяния от скамьи с постановкой ног на полу,https://cloud.mail.ru/public/Kdjq/qk6trELbL,Оборудование: С/в,4
60,Обратные отжимаяния от скамьи с постановкой ног на  скамью,https://cloud.mail.ru/public/hRFa/5TuYq7EZS,Оборудование: С/в,4
61,Разгибание рук в кроссовере с верхнего блока V- рукоять,https://cloud.mail.ru/public/taeD/bnaHABTJS,Оборудование: Кроссовер,4
62,"Разгибание рук в кроссовере с верхнего блока прямая рукоять ",https://cloud.mail.ru/public/fuzd/iv8go3gZn,Оборудование: Кроссовер,4
63,Разгибание рук в кроссовере с упором V-образная рукоять,https://cloud.mail.ru/public/CmRr/pbBB1A9jd,Оборудование: Кроссовер,4
64,Разгибание руки в кроссовере из-за головы с нижнего блока,https://cloud.mail.ru/public/utnV/kepLoPy5a,Оборудование: Кроссовер,4
65,Разгибание рук в кроссовере с верхнего блока из-за головы стоя (франц.жим),https://cloud.mail.ru/public/kPxR/wQtUYLGVi,Оборудование: Кроссовер,4
66,Разгибание рук в кроссовере с нижнего блока из-за головы стоя канатная рукоять,https://cloud.mail.ru/public/KdoZ/Ra3g6oixK,Оборудование: Кроссовер,4
67,Разгибание руки в кроссовере в наклоне,https://cloud.mail.ru/public/9JYu/Mx1UdWhHQ,Оборудование: Кроссовер,4
68,Жим штанги узким хватом,https://cloud.mail.ru/public/iRyR/BHdC3SjAC,Оборудование: Штанга,4
69,Жим штанги узким хватом(верхняя часть амплитуды),https://cloud.mail.ru/public/HJ7P/ZuTYvP5JT,Оборудование: Штанга,4
70,Жим Трейта,https://cloud.mail.ru/public/FuUb/1bEEezZU3,Оборудование: Гантели,4
71,[object Object],https://cloud.mail.ru/public/VLEe/Hg5qaFaX8,Оборудование: Эспандер,4
72,Французский жим штанги EZ- гриф на накл. скамье 30/45 градусов,https://cloud.mail.ru/public/Dyzd/UAr4ML5W7,Оборудование: Штанга EZ,4
73,Жим в Смитта узким хватом,https://cloud.mail.ru/public/mSGG/aGnn8jny9,Оборудование: Тр. Смита,4
74,Французский жим гантелей на горизонтальной скамье,https://cloud.mail.ru/public/qcwk/hbjJ5xBG7,Оборудование: Гантели,4
75,Разгибание рук в кроссовере с верхнего блока канатная рукоять,https://cloud.mail.ru/public/pc1u/M5RyqTFB5,Оборудование: Кроссовер,4
76,Жим верхнего болока в кроссовере,https://cloud.mail.ru/public/pBVX/GWWEKxuDa,Оборудование: Кроссовер,4
77,[object Object],https://cloud.mail.ru/public/CeRF/XXyFDdUjQ,Оборудование: Эспандер,4
78,Разгибание руки в кроссовере с верхнего блока нейтральный хват,https://cloud.mail.ru/public/nXMA/f6EoxXvp6,Оборудование: Кроссовер,4
79,"Отжимаяния от упор  """"кузнечик"""" ",https://cloud.mail.ru/public/UV2R/nGjFC8oje,Оборудование: Упоры для отжиманий,4
80,Отжимаянияот брусьев /В гравитроне,https://cloud.mail.ru/public/4z9U/FWjG5nLwJ,Оборудование: Брусья/гравитрон,4
81,Французский жим штанги EZ- гриф лёжа,https://cloud.mail.ru/public/iTCY/hqGkvA1fm,Оборудование: Штанга EZ,4
82,Разгибание руки с гантелью в наклоне,https://cloud.mail.ru/public/Vcbf/vvxztPZPb,Оборудование: Гантели,4
83,Разгибание рук в кроссовере на наклонной скамье,https://cloud.mail.ru/public/2NsU/JZ7RB5qjN,Оборудование: Кроссовер,4
84,Разгибание руки в наклоне с эспандером,https://cloud.mail.ru/public/skaN/TmfRfXWDR,Оборудование: Эспандер,4
85,Трицепсовые экстензии стоя,https://cloud.mail.ru/public/1Yke/JFvewzDRA,Оборудование: С/в,4
86,Французский жим от перекладины,https://cloud.mail.ru/public/r1h1/mqVdqmmiS,Оборудование: С/в,4
87,Жим узким хватом в Смитта с кубика,https://cloud.mail.ru/public/7Fmw/k3fz1ps4z,Оборудование: Тр. Смита,4
88,Аналог французскаго жима в TRX,https://cloud.mail.ru/public/MKNe/NkJXzU6fW,Оборудование: TRX,4
89,Разгибание рук в кроссовере с упором канатная рукоять,https://cloud.mail.ru/public/pHSW/Hy9ZU17BD,Оборудование: Кроссовер,4
90,"Отжимаяния от пола """"кузнечик""""",https://cloud.mail.ru/public/X3Ko/82XNrFTna,Оборудование: С/в,4
91,Жим гантелей узким хватом,https://cloud.mail.ru/public/oZCh/43RWKT7DB,Оборудование: Гантели,4
92,Французский жим штанги  EZ- гриф сидя,https://cloud.mail.ru/public/tQGu/sdDricJeX,Оборудование: Штанга EZ,4
93,"Отжимаяния от пола постановка рук вместе ",https://cloud.mail.ru/public/REyA/dDfyDePWU,Оборудование: С/в,4
94,Французский жим в  TRX с коленей,https://cloud.mail.ru/public/8T7Z/Eo8mqEXGu,Оборудование: TRX,4
95,Разгибание рук с гантелями лежа,https://cloud.mail.ru/public/4Pqc/oRc7fUTMj,Оборудование: Гантели,4
96,Разгибание рук с гантелями сидя в наклоне,https://cloud.mail.ru/public/6MMj/1tAU7Db7F,Оборудование: Гантели,4
97,Французский жим гантелей на наклонной скамье,https://cloud.mail.ru/public/EDcU/aTeKwsqNt,Оборудование: Гантели,4
98,Жим гантелей сидя (полная амплитуда),https://cloud.mail.ru/public/XSjo/vp6FtA9Y4,Оборудование: Гантели | Статус: 📹,4
99,Жим в тренажере на дельты одной рукой,https://cloud.mail.ru/public/pywt/2jFxFDgFp,Оборудование: Хаммер на дельты | Статус: 📹,4
100,"Жим в тренажере на дельты с эспандером ",https://cloud.mail.ru/public/VpQ1/kJV6HPRWQ,"Оборудование: Хаммер на дельты, эспандер | Статус: 📹",4
101,Жим в Смитта сидя,https://cloud.mail.ru/public/sa7u/xDJAoe71o,Оборудование: Тр. Смита | Статус: 📹,4
102,Отведение рук с гантелями сидя,https://cloud.mail.ru/public/e8xd/4Zw4F5vXM,Оборудование: Гантели,4
103,Отведение рук с гантелями  стоя,https://cloud.mail.ru/public/TNsg/XkAmqedGh,Оборудование: Гантели,4
104,"Отведение руки с гантелью держась за опору ",https://cloud.mail.ru/public/t4B6/fn5XwtWsf,Оборудование: Гантели,4
105,Отведение рук  в TRX,https://cloud.mail.ru/public/cH1U/uQckr3xEL,Оборудование: TRX,4
106,Отведение руки с гантелью на наклонной скамье,https://cloud.mail.ru/public/t2xq/P21htFjdJ,Оборудование: Гантели,4
107,Тяга штанги на дельты,https://cloud.mail.ru/public/a5yM/oZKFFs2cu,Оборудование: Штанга,4
108,Тяга на дельты в Смита широким хватом,https://cloud.mail.ru/public/Pm6s/XnmFBPWME,Оборудование: Тр. Смита,4
109,[object Object],https://cloud.mail.ru/public/GfVm/Hb4oNbu8c,Оборудование: Кроссовер,4
110,Жим в тренажере на дельты,https://cloud.mail.ru/public/LoAX/G6Z2frpUv,Оборудование: Хаммер на дельты | Статус: 📹,4
111,Тяга на дельты в кроссовере широким хватом,https://cloud.mail.ru/public/mpny/9qiVcGufX,Оборудование: Кроссовер,4
112,Жим штанги стоя,https://cloud.mail.ru/public/oPZi/Z51UU9eRK,Оборудование: Штанга,4
113,Отведение рук стоя с эспандером,https://cloud.mail.ru/public/k5bw/vDRm9k3zL,Оборудование: Гантели,4
114,"Отведение руки в кроссовере  держась  за опору ",https://cloud.mail.ru/public/3sAj/2RZPqqyWr,Оборудование: Кроссовер,4
115,Жим гантелей сидя (укороченная амплитуда),https://cloud.mail.ru/public/VF3v/kFWddcxz3,Оборудование: Гантели,4
116,Жим Арнольда,https://cloud.mail.ru/public/R7SV/sLNBtWhJv,Оборудование: Гантели,4
117,Жим штанги сидя,https://cloud.mail.ru/public/yLSC/3u7YnM5Sw,Оборудование: Штанга | Статус: 📹,4
118,Тяга канатной рукояти с верхнего блока,https://cloud.mail.ru/public/hQCu/f4UvjekhY,Оборудование: Кроссовер,4
119,"Отведение рук  на заднюю дельту в тренажере """"Бабочка""""",https://cloud.mail.ru/public/G9Ke/U4NP579Fz,Оборудование: Тр. Бабочка,4
120,"Отведение одной руки на заднюю дельту в тренажере """"Бабочка""""",https://cloud.mail.ru/public/6QQe/hAvBatDSz,Оборудование: Тр. Бабочка,4
121,"Отведение рук с гантелями на заднюю дельту лежа на лавке ",https://cloud.mail.ru/public/gs5Z/mkVBhTYjX,Оборудование: Гантели,4
122,"Отведение одной руки с гантелью на заднюю дельту лежа на лавке ",https://cloud.mail.ru/public/Gpht/S3dHKKAxL,Оборудование: Гантели,4
123,[object Object],https://cloud.mail.ru/public/EWp9/Sg35Z8yaz,Оборудование: Гантели,4
124,Тяга на заднюю дельту в Смита в наклоне,https://drive.google.com/file/d/14SMqH0965ucMskbmWzE0jyWfNV3iboX0/view?usp=sharing,Оборудование: Тр. Смита | Статус: 📹,4
125,Отведение одной руки в кроссовере в наклоне с нижнего блока,https://cloud.mail.ru/public/mx4x/GDfGJAa2n,Оборудование: Кроссовер,4
126,Перекрестные отведения рук в кроссовере в наклоне с нижнего блока,https://cloud.mail.ru/public/oJDT/SmQRxTZVF,Оборудование: Кроссовер,4
127,[object Object],https://cloud.mail.ru/public/YeWV/VYvyqEyMy,Оборудование: Кроссовер,4
128,"Перекрестные отведения рук в кроссовере с верхнего блока        ",https://cloud.mail.ru/public/AuA2/MPtrna9DZ,Оборудование: Кроссовер,4
129,Отведение одной руки в кроссовере  с верхнего блока,https://cloud.mail.ru/public/53cs/tF7v3Cvj6,Оборудование: Кроссовер,4
130,Отведения рук с гантелями в наклоне,https://cloud.mail.ru/public/rf23/wBEgqDYZC,Оборудование: Гантели,4
131,Тяга штанги лежа на лавке с упором в грудь,https://cloud.mail.ru/public/W1cc/3iyjWPifr,Оборудование: Штанга,4
132,Горизонтальная тяга в тренажере Хаммер широким хватом,https://cloud.mail.ru/public/xEZ7/La4jBJqsE,Оборудование: Горизонтальная тяга Хаммер,4
133,Тяга вертикального блока с упором одной ноги в седенье (средний парал. хват),https://cloud.mail.ru/public/DHgX/AUr7MtgZD,Оборудование: Вертикальный блок,4
134,Горизонтальная тяга в тренажере Хаммер широким хватом одной рукой,https://cloud.mail.ru/public/wzgQ/CPhWHEsPm,Оборудование: Горизонтальная тяга Хаммер,4
135,Тяга Ли Хейни в Смита,https://cloud.mail.ru/public/3NXD/R6ebYzZpR,Оборудование: Тр. Смита,4
136,"Подъем перед собой в кроссовере хватом ладонь в ладонь ",https://cloud.mail.ru/public/BzZU/9PRbtZ8KE,Оборудование: Кроссовер,4
137,Подъем перед собой в кроссовере с канатной рукоятью,https://cloud.mail.ru/public/q3cD/MoktmkJj4,Оборудование: Кроссовер,4
138,Подъем гантели перед собой хват ладонь в ладонь,https://cloud.mail.ru/public/Dxbg/9wko12gVT,Оборудование: Гантели,4
139,Подъем двух гателей перед собой нейтральным хватом,https://cloud.mail.ru/public/5yvW/8JyBAcTu6,Оборудование: Гантели,4
140,Подъем EZ -Штанги перед собой обратным хватом,https://cloud.mail.ru/public/H9Mc/Mgrff56ae,Оборудование: Штанга,4
141,Жим в кроссовере с нижнего блока,https://cloud.mail.ru/public/2UGm/cs7EwMfvh,Оборудование: Кроссовер,4
142,Подъем двух гателей перед собой обатным хватом,https://cloud.mail.ru/public/VjaK/misJwv9tD,Оборудование: Гантели,4
143,Поочередный подъем двух гателей перед собой,https://cloud.mail.ru/public/TeuG/Nf38oRSSK,Оборудование: Гантели,4
144,Жим гантелей на наклонной скамье параллельным хватом гантели прижаты друг к другу,https://cloud.mail.ru/public/LFjD/3K83Hn1zk,Оборудование: Гантели,8
145,Жим гантелей на горизонтальной скамье с супинацией,https://cloud.mail.ru/public/44sg/Bn1n8fG6F,Оборудование: Гантели,8
146,Жим гантелей на наклонной скамье с прпонацией,https://cloud.mail.ru/public/6Av4/twhbGFmDU,"Оборудование: Гантели
Гантели
Гантели
Гантели",8
147,"Жим штанги лёжа на горизонтальной скамье ",https://cloud.mail.ru/public/34Sw/aHFpJbXeM,Оборудование: Штанга,8
148,"Силовой жим штанги лёжа ",https://cloud.mail.ru/public/Yf6t/aYrfDjWkz,Оборудование: Штанга,8
149,Жим на горизонтальной скамье  в Смита,https://cloud.mail.ru/public/sLF7/e9cckFDjJ,Оборудование: Тр. Смита,8
150,Жим на наклонной скамье В Смита,https://cloud.mail.ru/public/UYa6/C1Vneiwyp,Оборудование: Тр. Смита,8
151,Жим в тренажере Хаммер на середину груди обеими руками,https://cloud.mail.ru/public/sK9U/iL722PL3d,Оборудование: Хаммер на середину груди,8
152,Жим в тренажере Хаммер на верх груди обеими руками,https://cloud.mail.ru/public/FRWX/vYkL6TjJB,Оборудование: Хаммер на верх груди,8
153,Жим в тренажере Хаммер на верх  груди одной,https://cloud.mail.ru/public/buUp/1MKv6w8Ym,Оборудование: Хаммер на верх груди,8
154,Отжимания от возвышения,https://cloud.mail.ru/public/291L/umQUq1cpe,Оборудование: С/в,8
155,Отжимания от упор,https://cloud.mail.ru/public/TPLf/nHd3MVoU9,Оборудование: Упоры для отжиманий,8
156,Отжимания с коленей,https://cloud.mail.ru/public/1ChC/zEjBptiqx,Оборудование: С/в,8
157,"Отжимания в петлях TRX ",https://cloud.mail.ru/public/kFgj/TSMxUh9Mr,Оборудование: TRX,8
158,Отжимания ноги впетлях TRX,https://cloud.mail.ru/public/1wKz/H3HfL8FWD,Оборудование: TRX,8
159,"Жим Свенда (Блин) ",https://cloud.mail.ru/public/hDX5/jSLLeZgRN,Оборудование: Блин,8
160,Дожимка в кроссовере,https://cloud.mail.ru/public/sqEh/NAjawC4cA,Оборудование: Кроссовер,8
161,Жим гантелей на наклонной скамье с супинациейклонной,https://cloud.mail.ru/public/tLb4/vLHoeQ39F,Оборудование: Гантели,8
162,Жим Свенда на наклонной скамье,https://cloud.mail.ru/public/Vr6v/fwAGoffrp,Оборудование: Блин,8
163,Отжимания от брусьев/в гравитроне,https://drive.google.com/file/d/1hyfuvFS8yhK_X728SSMwAy1GEwU0X5fj/view?usp=sharing,Оборудование: Гравитрон/Брусья,8
164,Жим гантелей на горизонтальной скамье,https://cloud.mail.ru/public/P3Ri/h28Cu4rRD,Оборудование: Гантели,8
165,Жим гантелей на наклонной скамье 30гр. /45 гр.,https://cloud.mail.ru/public/nWdq/qKoDf2X66,"Оборудование: Гантели
Гантели
Гантели
Гантели",8
166,Жим в тренажере Хаммер на верх груди поочерёдно,https://cloud.mail.ru/public/LYDB/iVNDpbWtP,Оборудование: Хаммер на верх груди,8
167,Жим штанги лёжа на наклонной скамье,https://cloud.mail.ru/public/gKvm/NdN8wg1HT,Оборудование: Штанга,8
168,Усложненные отжимания в петлях TRX,https://cloud.mail.ru/public/ZYHL/LT1M9WYmb,Оборудование: TRX,8
169,Сведение рук в кроссовере на низ груди (увеличенная амплитуда),https://cloud.mail.ru/public/SSNs/DgzgcVahV,Оборудование: Кроссовер,9
170,Сведение рук в кроссовере на середину груди (увеличенная амплитуда),https://cloud.mail.ru/public/yjV8/uSf6f1BsA,Оборудование: Кроссовер,9
171,Сведение рук в кроссовере на верх груди,https://cloud.mail.ru/public/y6hg/yybzQgEMw,Оборудование: Кроссовер,9
172,Сведение рук в кроссовере лёжа на наклонной скамье,https://cloud.mail.ru/public/pYyd/r6FNZ48Hv,Оборудование: Кроссовер,9
173,Сведение рук в кроссовере лёжа на горизонтальной скамье,https://cloud.mail.ru/public/BGTM/FMCJFqbLq,Оборудование: Кроссовер,9
174,Разводка гантелей на наклонной скамье,https://cloud.mail.ru/public/BVmc/E5YAHxNPt,Оборудование: Гантели,9
175,Сведение рук в кроссовере на середину груди,https://cloud.mail.ru/public/mMtR/m39q4dxni,Оборудование: Кроссовер,9
176,"Разводка гантелей на горизонтальной скамье ",https://cloud.mail.ru/public/UAKT/T1mZ1WCU1,Оборудование: Гантели,9
177,"Сведение рук в тренажере """"Бабочка""""",https://cloud.mail.ru/public/vznk/Mj1rkdxzy,Оборудование: Тр. Бабочка,9
178,"Приведение одной руки в тренажере """"бабочка""""",https://cloud.mail.ru/public/PK1P/WBbajQbjA,Оборудование: Тр. Бабочка,9
179,Сведение рук в петлях TRX,https://cloud.mail.ru/public/QRhn/Erkd9v9wp,Оборудование: TRX,9
180,Сведение рук в кроссовере на низ груди,https://cloud.mail.ru/public/YaSg/76upfmVkd,Оборудование: Кроссовер,9
181,Подтягивания горизонтальные,https://cloud.mail.ru/public/TGbd/W1hpCuVis,Оборудование: Перекладина,10
182,Подтягивания горизонтальные в TRX,https://cloud.mail.ru/public/ZQZN/4VtecaLNN,Оборудование: TRX,10
183,Тяга с нижнего блока одной рукой,https://cloud.mail.ru/public/XUHV/5y4ffX7y3,Оборудование: Кроссовер,10
184,Вертикальная тяга в «Хаммер» поочередно,https://cloud.mail.ru/public/qioT/TYGzyEh8g,Оборудование: Вертикальная тяга Хаммер,10
185,Тяга вертикального блока широким хватом,https://cloud.mail.ru/public/kQWo/nQNULwyaH,Оборудование: Вертикальный блок,10
186,[object Object],https://cloud.mail.ru/public/kQWo/nQNULwyaH,Оборудование: Вертикальный блок,10
187,Тяга вертикального блока обратным хватом,https://cloud.mail.ru/public/9Vst/9Mkdp84oC,Оборудование: Вертикальный блок,10
188,Тяга вертикального блока узким хватом,https://cloud.mail.ru/public/nn6L/1K19jgbxb,Оборудование: Вертикальный блок,10
189,Тяга вертикального блока сидя боком одной рукой,https://cloud.mail.ru/public/kGoX/JPJj1yQKa,Оборудование: Вертикальный блок,10
190,Тяга вертикального блока средний параллельный хват (Краб),https://cloud.mail.ru/public/SXs1/GPbNG11mB,Оборудование: Вертикальный блок,10
191,Тяга вертикального блока параллельным средним хватом,https://cloud.mail.ru/public/mUhr/3XChnfJmR,Оборудование: Вертикальный блок,10
192,Горизонтальная тяга в «Хаммер» прямой хват двумя руками,https://cloud.mail.ru/public/pWBk/NsvBUGbW5,Оборудование: Горизонтальная тяга Хаммер,10
193,"Горизрнтальная тяга в """"Хаммер"""" нейтральным хватом",https://cloud.mail.ru/public/RKSd/YbSSmTrYX,Оборудование: Горизонтальная тяга Хаммер,10
194,Горизонтальная тяга в «Хаммер» параллельный хват одной рукой,https://cloud.mail.ru/public/s3QF/Q1QTU4XzR,Оборудование: Горизонтальная тяга Хаммер,10
195,Тяга горизонтального блока широким хватом,https://cloud.mail.ru/public/3a8f/vugkRBuGc,Оборудование: Горизонтальный блок,10
196,Тяга горизонтального блока широким хватом (ЖС),https://cloud.mail.ru/public/Tn42/PEyXJq7sx,Оборудование: Горизонтальный блок,10
197,Тяга горизонтального блока параллельным средним хватом,https://cloud.mail.ru/public/Nux1/dxQA91mfZ,Оборудование: Горизонтальный блок,10
198,Тяга горизонтального блока обратным хватом,https://cloud.mail.ru/public/4xSy/9obqfVBGc,Оборудование: Горизонтальный блок,10
199,Тяга горизонтального блока узким хватом в полную амплитуду,https://cloud.mail.ru/public/XGQe/SnRbCMJmK,Оборудование: Горизонтальный блок,10
200,Тяга с нижнего блока с канатной рукоятью,https://cloud.mail.ru/public/AKWL/qq6VdEGB2,Оборудование: Кроссовер,10
201,Тяга с нижнего блока широким прямым хватом,https://cloud.mail.ru/public/fPsa/Lm3uuqAie,Оборудование: Кроссовер,10
202,[object Object],https://cloud.mail.ru/public/fPsa/Lm3uuqAie,Оборудование: Кроссовер,10
203,Тяга с нижнего блока средним обратным хватом,https://cloud.mail.ru/public/uKpB/8n3WtQ4ia,Оборудование: Кроссовер,10
204,Тяга с нижнего блока узким хватом,https://cloud.mail.ru/public/4EgE/zcDs9V1Ur,Оборудование: Кроссовер,10
205,Тяга с нижнего блока одной рукой с опорой о наклонную скамью,https://cloud.mail.ru/public/MZwS/WiYAtykik,Оборудование: Кроссовер,10
206,Перекресные разведения рук в кроссовере,https://cloud.mail.ru/public/pRxb/NFrFCo31w,Оборудование: Кроссовер,10
207,Тяга с верхнего блока параллельный хват,https://cloud.mail.ru/public/5ML6/TmnK2AiEW,Оборудование: Кроссовер,10
208,Тяга с верхнего блока с канатной рукоятью  с супинацией,https://cloud.mail.ru/public/aB3i/xDJMoj9td,Оборудование: Кроссовер,10
209,Тяга с верхнего блока прямой хват,https://cloud.mail.ru/public/u5zJ/vQKcC97fH,Оборудование: Кроссовер,10
210,Тяга с верхнего блока лежа животом на наклонной скамье,https://cloud.mail.ru/public/TPnE/6Q9T82Bh4,Оборудование: Кроссовер,10
211,Тяга с верхнего блока одной рукой,https://cloud.mail.ru/public/BTCK/2EYYVvAmQ,Оборудование: Кроссовер,10
212,Тяга  с верхнего блока с использованием наклонной скамьи,https://cloud.mail.ru/public/3FPF/Uzd7eRLFK,Оборудование: Кроссовер,10
213,Тяга с верхних блоков сидя на скамье,https://cloud.mail.ru/public/wmCG/qG7N2Zjd3,Оборудование: Кроссовер,10
214,Тяга с верхнего блока на наклонной скамье,https://cloud.mail.ru/public/E1wg/cCjsjPGmd,Оборудование: Кроссовер,10
215,Тяга в кроссовере с верхних блоков двумя руками,https://cloud.mail.ru/public/dkR6/xzv4h5P3W,Оборудование: Кроссовер,10
216,Пуловер,https://cloud.mail.ru/public/wGQY/p9bKHSMFT,Оборудование: Кроссовер,10
217,Пуловер  одной рукой,https://cloud.mail.ru/public/5KL4/2eoYAKMFm,Оборудование: Кроссовер,10
218,Пуловер с канатной рукоятью,https://cloud.mail.ru/public/Gzs4/pUVSd4pVN,Оборудование: Кроссовер,10
219,"Тяга """"Т-грифа""""",https://cloud.mail.ru/public/1nLX/DfPiRNGJH,Оборудование: Штанга,10
220,Тяга гантели в наклоне,https://cloud.mail.ru/public/s1rb/u9Go8ZG6r,Оборудование: Гантели,10
221,Тяга двух гантелей в наклоне,https://cloud.mail.ru/public/u5pT/tcZNM5foV,Оборудование: Гантели,10
222,Тяга штанги в наклоне прямым средним хватом,https://cloud.mail.ru/public/VKPx/jxMxiM8Hh,Оборудование: Штанга,10
223,Тяга штанги в наклоне в тренажере Смита одной рукой,https://cloud.mail.ru/public/n3Ro/hCEw4io4L,Оборудование: Тр. Смита,10
224,Вертикальная тяга в «Хаммер» одной рукой,https://cloud.mail.ru/public/vaEo/EvA87qJrN,Оборудование: Вертикальная тяга Хаммер,10
225,Тяга горизонтального блока узким хватом с предварительно сведенными лопатками,https://cloud.mail.ru/public/gSDo/HxHj3r9xk,Оборудование: Горизонтальный блок,10
226,Пуловер поочередно на каждую сторону,https://cloud.mail.ru/public/JEdt/vbKYYjk8D,Оборудование: Кроссовер,10
227,Тяга штанги в наклоне обратным хватом,https://cloud.mail.ru/public/Sknb/tFbhWB63C,Оборудование: Штанга,10
228,Пуловер с эспандером,https://cloud.mail.ru/public/oAS8/MpDUvFWyM,Оборудование: Эспандер,10
229,Подтягивания широким хватом,https://cloud.mail.ru/public/bVqZ/4xgvipx85,Оборудование: Перекладина/ эспандер / Гравитрон,10
230,Подтягивания параллельным (узким/средним) хватом,https://cloud.mail.ru/public/tzmL/5gvUpcwt4,Оборудование: Перекладина/ эспандер / Гравитрон,10
231,Подтягивания средним хватом,https://cloud.mail.ru/public/ZQkg/dCqHWhdWi,Оборудование: Перекладина/ эспандер / Гравитрон,10
232,Тяга горизонтального блока узким хватом,https://cloud.mail.ru/public/4etD/bd2rmWrhv,Оборудование: Горизонтальный блок,10
233,Тяга Т-грифа узким хватом,https://cloud.mail.ru/public/bsDp/BZriZ4bfP,Оборудование: Упор для штанги/Гриф | Статус: [object Object],10
234,Тяга горизонтального блока одной рукой,https://cloud.mail.ru/public/dW63/LBkp1pgcw,Оборудование: Горизонтальный блок,10
235,"Вертикальная тяга в тренажере """"Хаммер""""",https://cloud.mail.ru/public/yn6d/zXBTALgaW,Оборудование: Вертикальная тяга Хаммер,10
236,Подтягивания обратным  хватом,https://cloud.mail.ru/public/zFpE/jxzdrvWhB,Оборудование: Перекладина/ эспандер / Гравитрон,10
237,Подтягивания широким хватом (гравитрон),https://cloud.mail.ru/public/zFpE/jxzdrvWhB,Оборудование: Перекладина/ эспандер / Гравитрон,10
238,Шраги с нижнего блока,https://cloud.mail.ru/public/HaU4/5oY2U3hDf,Оборудование: Кроссовер,11
239,Шраги с нижних блоков,https://cloud.mail.ru/public/WY8L/c9DszRuT8,Оборудование: Кроссовер,11
240,Шраги в Смита из-за спины,https://cloud.mail.ru/public/KYLU/J7vY5N5P4,Оборудование: Тр. Смита,11
241,"Тяга в тренажере """"Хаммер""""",https://cloud.mail.ru/public/W9pK/m786kspY8,Оборудование: Хаммер на трапеции,11
242,Шраги с блинами,https://cloud.mail.ru/public/T6h6/mXCbmpiRZ,Оборудование: Блины,11
243,Шраги в Смита,https://cloud.mail.ru/public/iBHi/HFQEEVnhA,Оборудование: Тр. Смита,11
244,Шраги с гантелями,https://cloud.mail.ru/public/dKHv/eWgwEdLow,Оборудование: Гантели,11
245,Шраги со штангой,https://cloud.mail.ru/public/VJZn/1EGQP5G6g,Оборудование: Штанга,11
246,"Разгибания корпуса лежа на полу """"Лодочка""""",https://cloud.mail.ru/public/XQ7e/Pk9Uy2D4C,Оборудование: С/в,12
247,Разгибания корпуса лежа на полу разгибание тела,https://cloud.mail.ru/public/u7KQ/7ugo4jXa2,Оборудование: С/в,12
248,Гиперэкстензия в кроссовере,https://cloud.mail.ru/public/mwW9/jvhyj2PdQ,Оборудование: Гиперэкстенизия 45 гр.,12
249,Гиперэкстензия с эспандером,https://cloud.mail.ru/public/LfCf/G5b9ba4wH,Оборудование: Гиперэкстенизия 45 гр.,12
250,Перекрестные разгибания корпуса лежа на полу,https://cloud.mail.ru/public/jEkw/U4RVdtZNW,Оборудование: С/в,12
251,"Гперэкстензия ",https://cloud.mail.ru/public/3yFN/UCzwhQuWb,Оборудование: Гиперэкстенизия 45 гр.,12
252,Гиперэкстензия с эспандером зафиксированным на нижней части тренажера,https://cloud.mail.ru/public/jEXT/DmByzxCtq,Оборудование: Гиперэкстенизия 45 гр.,12
253,Гиперэкстензия с доп. весом,https://cloud.mail.ru/public/Nk3y/q2F6Fw6Fh,Оборудование: Гиперэкстенизия 45 гр.,12
254,"""""Ягодичный мостик"""" в тренажере для разгибания ног",https://cloud.mail.ru/public/veoy/emPdhypXz,Оборудование: Тр. Разгибание ног,13
255,"""""Ягодичный мостик"""" в Смита",https://cloud.mail.ru/public/LPGW/NT9hzEi8M,Оборудование: Тр. Смита,13
256,"""""Ягодичный мостик"""" на одну ногу",https://cloud.mail.ru/public/8Lwz/ZZJSari3v,Оборудование: С/в,13
257,"""""Мертвая"""" тяга со штангой в полную амплитуду",https://drive.google.com/file/d/1Ly7Mq8vw4B7UdgeKB2soaXXZVGQyfNFS/view?usp=sharing,Оборудование: Штанга,13
258,"""""Мертвая"""" тяга со штангой с акцентом на ягодицы",https://drive.google.com/file/d/1H_yG_9I1uJ8M0bPoHHPVSsim5BzHhDHP/view?usp=sharing,Оборудование: Штанга,13
259,"""""Румынская тяга""""",https://drive.google.com/file/d/1QlhjTDg-yGeK-VKSgnsFIhuA2AV9PCL7/view?usp=sharing,Оборудование: Гантели,13
260,Выпад + мертвая тяга на одну ногу с гантелями,https://drive.google.com/file/d/1IURtAAZb1_QXAB2Id-TNwC3VouxZFbhE/view?usp=sharing,Оборудование: Гантели,13
261,"""""Мертвая"""" тяга в Смита ",https://drive.google.com/file/d/1rX2yaBHPFBxDSdakoiNR2FhxuBTcYCyi/view?usp=sharing,Оборудование: Тр. Смита,13
262,"""""Мертвая"""" тяга в Смита на одной ноге",https://drive.google.com/file/d/1f_V-6uqvhZHaCOY-Di7JR32Ogu7dmgLC/view?usp=sharing,Оборудование: Тр. Смита,13
263,Присед со штангой,https://drive.google.com/file/d/15HtCGgVdc_E_p7dcjCRU6C4h0whZ8SMu/view?usp=sharing,Оборудование: Штанга,13
264,Присед в кроссовере,https://drive.google.com/file/d/1eJi9outr6lQgXIc2WPixz6BqSiqJ87b5/view?usp=sharing,Оборудование: С/в,13
265,Присед в выпаде со штангой,https://drive.google.com/file/d/1CJbwhRniBuLjG3OJPitjiJVoTEF__fok/view?usp=sharing,Оборудование: Штанга,13
266,Выпады в тр. Смита,https://drive.google.com/file/d/15e9VkOUj3DZ1G1udiopNwL6qhunUfiSC/view?usp=sharing,Оборудование: Тр. Смита,13
267,Присед в выпаде в тр. Смита,https://drive.google.com/file/d/10FR7vWkQgOW2YBMd07ktk4MrnxPjEC5r/view?usp=sharing,Оборудование: Тр. Смита,13
268,Присед в выпаде с гантелями,https://drive.google.com/file/d/1khRn30yMkRhzEwVHYkqTI3jBg6Qktzjd/view?usp=sharing,Оборудование: Гантели,13
269,Ходьба выпадами с гантелями/ блинами,https://drive.google.com/file/d/1M3n8iEX4Xunw0D95O5NG--MxARyC9MuE/view?usp=sharing,Оборудование: Гантели,13
270,Выпад в приседе держась за опору опорой,https://drive.google.com/file/d/1Icd62ldA778RxAxJaKVGAPDB4J7ZxqFH/view?usp=sharing,Оборудование: С/в,13
271,Выпады держась за опору,https://drive.google.com/file/d/1CWNBp6l5TnLatqp2afVZH8qlCqxNtwyS/view?usp=sharing,Оборудование: С/в,13
272,Перекрестные выпады,https://drive.google.com/file/d/12-uburDV6FfT6MCPY6F2I8r1p5bc55mu/view?usp=sharing,Оборудование: С/в,13
273,"""""Болгарский"""" присед",https://drive.google.com/file/d/1gJrAHq1xWDbPAjQ_Ub-aZLw3AEgzroHk/view?usp=sharing,Оборудование: С/в,13
274,Зашагивания на тумбу,https://drive.google.com/file/d/1Ll7pGnqnhAwZt3KtbpbKyq_ndgWwxhOu/view?usp=drive_link,Оборудование: Тумба,13
275,Жим ногой в гравитроне,https://drive.google.com/file/d/1C9hGjW9qoPHrNMmdk4ShIefBBDhA3CDY/view?usp=sharing,Оборудование: Гравитрон,13
276,"Обратная гиперэкстензия ",https://drive.google.com/file/d/1iat07EZKF0UXhst8ruoqd89Ye16GPgsK/view?usp=sharing,Оборудование: Тр. Горизонтальная гиперэкстензия,13
277,Отведение ноги в тренажере (постановка стопы под углом 45 гр.),https://drive.google.com/file/d/1hd6xvLg33LndoeDaJ-a4yKSEmRRWBVRB/view?usp=sharing,Оборудование: Тр. Отведение ноги,13
278,"Отведение ноги из положения на четвереньках назад ",https://drive.google.com/file/d/1egTWSPWHF3e6iSLQ0CFE7ALd7l_lWFVa/view?usp=sharing,Оборудование: С/в/гантель,13
279,Отведение ноги из положения на четвереньках в сторону,https://drive.google.com/file/d/1DUbi2TNvmxFIFQNtVAl0ZiPVhF0I_KHH/view?usp=sharing,Оборудование: С/в/гантель,13
280,Отведение ноги из положения на четвереньках назад и в сторону,https://drive.google.com/file/d/1W36bSyrD2OtYZ7VCDZD9LvgT5UXqzUt4/view?usp=sharing,Оборудование: С/в/гантель,13
281,Отведение ноги из положения на четвереньках с эспандером назад и в сторону,https://drive.google.com/file/d/1RmGfSFmaash7CWY-Jn7V5XOatTrPHM-T/view?usp=sharing,Оборудование: С/в/эспандер,13
282,Отведение ноги из положения на четвереньках с эспандером в сторону,https://drive.google.com/file/d/1Y8JgM59Knae5thQLRyblMJ0iNzxnK0yz/view?usp=sharing,Оборудование: С/в/эспандер,13
283,Отведение ноги из положения на четвереньках с эспандером назад,https://drive.google.com/file/d/1TrjC-sFsC0K11EjJ6fZpkB2QJWDmYHKq/view?usp=sharing,Оборудование: С/в/эспандер,13
284,Отведение ноги в кроссовере назад,https://cloud.mail.ru/public/KHgZ/mGUzL9RAr,Оборудование: Кроссовер,13
285,Отведение ноги в кроссовере в сторону стоя на  четвереньках,https://drive.google.com/file/d/1ln9d4SMfyozeWK4LNqejK_DBvnljWKyN/view?usp=sharing,Оборудование: Кроссовер,13
286,Перекрестные отведения ноги в кроссовере,https://cloud.mail.ru/public/P6XU/EVRoTsK8v,Оборудование: Кроссовер,13
287,Отведение+ выпад,https://drive.google.com/file/d/1f4TKNKbThth2pndpi69CGv038ILtAsBd/view?usp=sharing,Оборудование: Кроссовер,13
288,Отведение+ выпад нога на весу,https://drive.google.com/file/d/1Eq7jdRAL7iu4Hx9SaIFygvMnGw1DaIk2/view?usp=sharing,Оборудование: Кроссовер,13
289,Разведение ног в тренажере откинувшись назад,https://drive.google.com/file/d/1AakfbCL3D3M1nQyuK5S2gkwxbFRjP24v/view?usp=sharing,Оборудование: Тр. Разведение ног,13
290,Разведение ног в тренажере,https://drive.google.com/file/d/12VckLYkNnRnV3RtDEErukMHfNaqHhe3R/view?usp=sharing,Оборудование: Тр. Разведение ног,13
291,Разведение ног в тренажере с прожимкой,https://drive.google.com/file/d/1FC7KeaQE8UQZdL8Z04HzjH3XmjTuQCiL/view?usp=sharing,Оборудование: Тр. Разведение ног,13
292,Разведение ног в тренажере с пружинками,https://drive.google.com/file/d/1XMC33gftDGl2W9ZLkfB0OXAObVRqE2wI/view?usp=sharing,Оборудование: Тр. Разведение ног,13
293,Жим в Смита на ягодицы,https://drive.google.com/file/d/12vqoHbpuHv1h5sFnQFc5rFxjiNQGnGVp/view?usp=sharing,Оборудование: Тр. Смита,13
294,"""""Гудмонинг""""",https://drive.google.com/file/d/1urhcu0o09v-Z6l8V-xZXxbZMKlCHWe-Y/view?usp=sharing,Оборудование: Штанга,13
295,Назад со скамьи,https://drive.google.com/file/d/1Kl5HMN6G-qYeGPz4gsxj15lVFnmKQvy6/view?usp=sharing,Оборудование: Кроссовер,13
296,Отведение ноги в кроссовере в сторону,https://drive.google.com/file/d/1dDEOZcsWL-laFxMNkJ66laTQZCjmbXRu/view?usp=sharing,Оборудование: Кроссовер,13
297,"Присед в """"яму""""",https://drive.google.com/file/d/1ekY_WSRCQy1MCMJh-vQqZEyCPnexv9Pr/view?usp=sharing,Оборудование: Гантели,13
298,Присед + мертвая тяга в кроссовере,https://drive.google.com/file/d/1X3PvcQNkfMUes17ROTg9x8ugB4u5-IbY/view?usp=sharing,Оборудование: Кроссовер,13
299,"""""Ягодичный мостик"""" со штангой",https://drive.google.com/file/d/1ezcDqeR66aeo6aQnPEoRZFmrk12_SjI5/view?usp=sharing,Оборудование: Штанга,13
300,Присед в тр. Смита,https://drive.google.com/file/d/1z989W9RNMqAHZr_1PMg8p1XLVBpMCJRX/view?usp=sharing,Оборудование: Штанга,13
301,"""""Мертвая"""" тяга с эспандером ",https://drive.google.com/file/d/1ftwqDV5A7qkJPbJkLf2sRFopxqc7b1Id/view?usp=sharing,"Оборудование: Штанга,эспандер",13
302,"""""Мертвая"""" тяга в трнежере """"присед без осевой нагрузки""""",https://drive.google.com/file/d/1goa1S5X_DnzO4elh-1IglUGWgFJhvByQ/view?usp=sharing,Оборудование: Тр. Присед без осевой нагрузки,13
303,Румынская тяга в кроссовере,https://drive.google.com/file/d/10przAu8O7Uf0bFtqrUn3qgzQOBALeZ9k/view?usp=sharing,Оборудование: Кроссовер,13
304,Присед держась руками за опопру,https://drive.google.com/file/d/1-7E55U_fgX4ZCciRN1pbJoFYKnYwKLqe/view?usp=sharing,Оборудование: С/в,13
305,"""""Ягодичный мостик"""" от пола",https://cloud.mail.ru/public/bFAG/2RvyBNdUb,Оборудование: С/в,13
306,"""""Ягодичный мостик"""" с эспандером",https://drive.google.com/file/d/1-q0glDAjcC79_vhAa1IVs9i3WqMXAjKo/view?usp=sharing,"Оборудование: Штанга,Эспандер",13
307,"""""Ягодичный мостик"""" с постановкой ног на возвышенность",https://drive.google.com/file/d/17Qn83rlMUOUuhezaEKIj1ZogBPto83S6/view?usp=sharing,Оборудование: С/в,13
308,Присед с собственным весом,https://drive.google.com/file/d/1Y2KAkYp0uyqllQyGriOv4H7eRzkhxr6b/view?usp=sharing,Оборудование: С/в,14
309,Сиси-присед,https://drive.google.com/file/d/1AdEZzIbrAQbahLf3mUmlf5KypGU_EcEr/view?usp=sharing,Оборудование: Сиси присед,14
310,Пистолетик,https://drive.google.com/file/d/1Vj_PC7rOAe78EAaCgpGOOYrJAESDWvw2/view?usp=sharing,Оборудование: С/в,14
311,Присед в TRX,https://drive.google.com/file/d/1M6gqrm8nloi9kaXEyjwfbMHCy7x1JGO6/view?usp=sharing,Оборудование: TRX,14
312,Присед держась руками за опопру,https://drive.google.com/file/d/1-7E55U_fgX4ZCciRN1pbJoFYKnYwKLqe/view?usp=sharing,Оборудование: С/в,14
313,"""""Стульчик""""",https://drive.google.com/file/d/1aeY1d-5UtjIxk-etc1he0Ar_Fnlx2y60/view?usp=sharing,Оборудование: С/в,14
314,Присед в выпаде со штангой,https://drive.google.com/file/d/10-wbVxWKeGimQBX8ydCNBBf1Tkq0tLRm/view?usp=sharing,Оборудование: Штанга,14
315,Присед в выпаде в тр. Смита,https://drive.google.com/file/d/10FR7vWkQgOW2YBMd07ktk4MrnxPjEC5r/view?usp=sharing,Оборудование: Тр. Смита,14
316,Выпады с гантелями,https://drive.google.com/file/d/1oywBEgHwUJOoQBMZiOUiUrBrtBfYdAFX/view?usp=sharing,Оборудование: Гантели,14
317,Присед в выпаде с гантелями,https://drive.google.com/file/d/1khRn30yMkRhzEwVHYkqTI3jBg6Qktzjd/view?usp=sharing,Оборудование: Гантели,14
318,Ходьба выпадами с гантелями,https://drive.google.com/file/d/1M3n8iEX4Xunw0D95O5NG--MxARyC9MuE/view?usp=sharing,Оборудование: Гантели,14
319,Ходьба выпадами со штангой,https://drive.google.com/file/d/1t5ZzKSKMOaYteSyb-4iZdhU1sFRWjb24/view?usp=sharing,Оборудование: Штанга,14
320,Выпад в приседе держась за опору опорой,https://drive.google.com/file/d/1Icd62ldA778RxAxJaKVGAPDB4J7ZxqFH/view?usp=sharing,Оборудование: С/в,14
321,Выпады держась за опору  опорой,https://drive.google.com/file/d/1CWNBp6l5TnLatqp2afVZH8qlCqxNtwyS/view?usp=sharing,Оборудование: С/в,14
322,Болгарский присед,https://drive.google.com/file/d/1gJrAHq1xWDbPAjQ_Ub-aZLw3AEgzroHk/view?usp=sharing,Оборудование: С/в,14
323,Жим ногами с узкой постановкой ног,https://drive.google.com/file/d/1bxXWjsWv2_hi2zEE5ISdBEAK3atcebik/view?usp=sharing,Оборудование: Тр. Жим ногами,14
324,Жим ногами внутри амплитуды,https://drive.google.com/file/d/18T4uQhYz4fFen-S-N7w-O8Vbk-3S8OYg/view?usp=sharing,Оборудование: Тр. Жим ногами,14
325,"Разгибание ног в тренажере с """"Прожимкой""""",https://drive.google.com/file/d/1qaVMBP5JdbYcRQKCGN9LOo3RRE0kBfDC/view?usp=sharing,Оборудование: Тр. Разгибание ног,14
326,Разгибание одной ноги в тренажере,https://drive.google.com/file/d/1z-STQ-lukNr5kzhJNvDiW9fkBcAf_Dho/view?usp=sharing,Оборудование: Тр. Разгибание ног,14
327,"Жим ногами со средней постановкой ног ",https://drive.google.com/file/d/1mkM0jNqzC0Ol-oIyDPd5aoovL_OLM6If/view?usp=sharing,Оборудование: Тр. Жим ногами,14
328,Жим ногами одной ногой,https://drive.google.com/file/d/1uH3YYDizeXqQ0Q3gPG3Q6tEnD5ozgpZ5/view?usp=sharing,Оборудование: Тр. Жим ногами,14
329,Разгибание ног в тренажере,https://drive.google.com/file/d/1JQHIlYBbRHEKGz-a8Jx6zKtOqmONpJYB/view?usp=sharing,Оборудование: Тр. Разгибание ног,14
330,Присед со штангой классический,https://drive.google.com/file/d/15HtCGgVdc_E_p7dcjCRU6C4h0whZ8SMu/view?usp=sharing,Оборудование: Штанга,14
331,Присед в Смита,https://drive.google.com/file/d/1z989W9RNMqAHZr_1PMg8p1XLVBpMCJRX/view?usp=sharing,Оборудование: Тр. Смита,14
332,Румынская тяга с гантелями,https://drive.google.com/file/d/1QlhjTDg-yGeK-VKSgnsFIhuA2AV9PCL7/view?usp=sharing,Оборудование: Гантели,15
333,"""""Мертвая"""" тяга в Смита",https://drive.google.com/file/d/1rX2yaBHPFBxDSdakoiNR2FhxuBTcYCyi/view?usp=sharing,Оборудование: Тр. Смита,15
334,"""""Журавлик"""" держась за опору",https://drive.google.com/file/d/1xwhUeL80Yu7Aca4CxFkk4s4oO9GVagHS/view?usp=sharing,Оборудование: С/В,15
335,"""""Журавлик"""" с собственным весом",https://drive.google.com/file/d/18Rv6bTaWSTvRvNhUoh69GwXQ9dR0YPAC/view?usp=sharing,Оборудование: С/В,15
336,"""""Гудмонинг""""",https://drive.google.com/file/d/1urhcu0o09v-Z6l8V-xZXxbZMKlCHWe-Y/view?usp=sharing,Оборудование: Штанга,15
337,Сгибание одной ноги в тренажере лёжа,https://drive.google.com/file/d/1kE1X5_T7Vf453w-RRqpYCkL4xF9-FogZ/view?usp=sharing,Оборудование: Тр. Сгибание ног лежа,15
338,Сгибание ног в тренажере лёжа,https://drive.google.com/file/d/1tD57u3A7tb6G8WW_Y9TSk4gjPLrqdI-_/view?usp=sharing,Оборудование: Тр. Сгибание ног лежа,15
339,Сгибание одной ноги в тренажере сидя,https://drive.google.com/file/d/1vuYPbqStEcpk6xQAldEGwk-5F5YMOcDx/view?usp=sharing,Оборудование: Тр. Сгибание ног сидя,15
340,Сгибание ног в тренажере сидя,https://drive.google.com/file/d/1byK1uJYF3u9UeYq1bvmtQqdxgAZ98gaE/view?usp=sharing,Оборудование: Тр. Сгибание ног сидя,15
341,Сгибание ноги с нижнего болка,https://drive.google.com/file/d/1OHsDWQjK3ZL7jrW89XiyuzJGjU2J1wBh/view?usp=sharing,Оборудование: Кроссовер,15
342,Становая тяга,https://drive.google.com/file/d/1ear-uz45zZJz4PG0slAFBuSuS8XyoT_b/view?usp=sharing,Оборудование: Штанга,15
343,Отведение ноги в тренажере,https://drive.google.com/file/d/1hd6xvLg33LndoeDaJ-a4yKSEmRRWBVRB/view?usp=sharing,Оборудование: Тр. Отведение ноги,15
344,Жим с высокой узкой постановкой ног,https://drive.google.com/file/d/1_4vA7XayOrtCy-Mc8rHr_NocvlxJBq1m/view?usp=sharing,Оборудование: Тр. Жим ногами,15
345,Сгибание ног в кроссовере,https://drive.google.com/file/d/1OHsDWQjK3ZL7jrW89XiyuzJGjU2J1wBh/view?usp=sharing,Оборудование: Кроссовер,15
346,Сгибание ноги в кроссовере на наклонной скамье,https://drive.google.com/file/d/1XH2gIgW3drLvhDafMw_2YZIBfjN5vG7R/view?usp=drive_link,Оборудование: Кроссовер,15
347,Сгибние ноги с эспандером на наклонной скамье,https://drive.google.com/file/d/17oOp-8cgKf89Yz4bpQBsbgSCISzaL4Ca/view?usp=sharing,Оборудование: Эспандер/накл скамья,15
348,Румынска тяга со штангой,https://drive.google.com/file/d/1Ly7Mq8vw4B7UdgeKB2soaXXZVGQyfNFS/view?usp=sharing,Оборудование: Штанга,15
349,Сведение  ног в тренажере,https://drive.google.com/file/d/1iPc-JSaaVwXSaSaAv4kcqx7h-7iTpN9I/view?usp=sharing,Оборудование: Тр. Сведение ног,15
350,Выпады в сторону,https://drive.google.com/file/d/1GCRtX9cTZ1cHkR5uq_C9Le6g-hc3Nr2p/view?usp=sharing,Оборудование: С/в /штанга,15
351,Жим с широкой постановкой ног,https://drive.google.com/file/d/1v5NVf2ho20atD08vZBjXAiWg1thPpDfA/view?usp=sharing,Оборудование: Тр. Жим ногами,15
352,Приведение ноги в кроссовере,https://drive.google.com/file/d/1f4RrJVIWZY6sGi_u_MjsFsvuOk8vpuH9/view?usp=sharing,Оборудование: Кроссовер,15
353,"Присед """"Плие""""",https://drive.google.com/file/d/19zvIAyc7smJmw3U7GW098lANSgZM0DSL/view?usp=sharing,Оборудование: С/в /гантель,15
354,"Подъем на носки в  тренажере """"Голень сидя""""",https://drive.google.com/file/d/1wLhUy_gv6gp6j6S7pkiBgfBTyw26T0ld/view?usp=sharing,Оборудование: Тр. Голень сидя,17
355,"Подъем на носки в тренажере """"Голень сидя"""" одной ногой",https://drive.google.com/file/d/1bBJUVDvCedfhZGn8txS3spmBPIzhoEYG/view?usp=sharing,Оборудование: Тр. Голень сидя,17
356,Подъем на носки стоя в Смита,https://drive.google.com/file/d/1enK6SyJ1SQ8SAKSOJuwC35xMbMKqw81a/view?usp=sharing,Оборудование: Тр. Смита,17
357,"Подъем на носки в тренажере """"Голень стоя""""",https://drive.google.com/file/d/1Fqx5HiR98Os9DBTFBFbqNOuIpGGyCtYe/view?usp=sharing,Оборудование: Тр. Голень стоя,17
358,"Подъем на носки в тренажере """"Жим ногами""""",https://drive.google.com/file/d/1MLwOoF7wa9_6iqi6JEkUZZvVoRgid0E6/view?usp=sharing,Оборудование: Тр. Жим ногами,17
359,Подъем на носки сидя в Смита,https://drive.google.com/file/d/1RuDrcdVKH_Uv9v3q4zS2MhSrE0SNAmPL/view?usp=sharing,Оборудование: Тр. Смита,17
360,Подъем на носки стоя на одной ноге с собственным весом,https://drive.google.com/file/d/1WO7qGzaYPClKakECbxLDCulBiGd-_wIT/view?usp=sharing,Оборудование: С/в,17
361,Подъем на носки стоя с собственным весом,https://drive.google.com/file/d/1ldqiyNZ8t74msd--UVrH1flRPGydp36F/view?usp=sharing,Оборудование: С/в,17
362,Скручивания на BOSU с эспандером,https://cloud.mail.ru/public/rYj8/hsni1THyd,Оборудование: Bosu /эспандер жгут,18
363,"Скручивания на римском стуле ",https://cloud.mail.ru/public/WJ7a/KWkrvHyv3,Оборудование: Тр. Римский стул,18
364,Скручивания на скамье для пресса,https://cloud.mail.ru/public/kFUe/2DryBtpL9,Оборудование: Тр. Скамья для пресса,18
365,"Скручивания в тренажере        ",https://cloud.mail.ru/public/6j2k/3zPuBWgpL,Оборудование: Тр. Пресс машина,18
366,Подъём ног в лёжа на полу,https://cloud.mail.ru/public/3AJt/W2p1FFMg4,Оборудование: С/в,18
367,"""""Ножницы""""        ",https://cloud.mail.ru/public/GMq7/U6XSeCDfN,Оборудование: С/в,18
368,Подъем ног со скручиванием,https://cloud.mail.ru/public/x7Pa/bs4Y6K4Bb,Оборудование: С/в,18
369,Скручивания с роликом,https://cloud.mail.ru/public/ekbT/dVS9SSNcA,Оборудование: Ролик для пресса,18
370,Подъём ног в висе,https://cloud.mail.ru/public/vK6t/vWiYyyGKN,Оборудование: Перекладина,18
371,Подъем ног в висе с упором,https://cloud.mail.ru/public/V1Ha/7ghHVgsbv,Оборудование: Тр. Пресс/брусья,18
372,Скручивания в TRX,https://cloud.mail.ru/public/4nPg/XSY3t1HB3,Оборудование: TRX | Статус: 📹,18
373,Планка в TRX,https://cloud.mail.ru/public/MGwS/c4W1n57Dj,Оборудование: TRX,18
374,Плака динамическая в TRX  с порой на один локоть,https://cloud.mail.ru/public/3tV3/HPf7YXvHE,Оборудование: TRX,18
375,"""""Скалалаз""""",https://cloud.mail.ru/public/7AmE/ZX4ojLpKe,Оборудование: С/в,18
376,Скручивание таза с поднятыми ногами,https://cloud.mail.ru/public/9nJN/xnr3EfEvL,Оборудование: С/в,18
377,Планка,https://cloud.mail.ru/public/CvVw/B7r6BBgZY,Оборудование: С/в,18
378,Планка на прямых руках,https://cloud.mail.ru/public/ipjN/DzZzDZZDV,Оборудование: С/в,18
379,"Подъём ног в римском стуле        ",https://cloud.mail.ru/public/ipjN/DzZzDZZDV,Оборудование: Тр. Скамья для пресс,18
380,[object Object],https://cloud.mail.ru/public/sURW/21zuZKwVn,Оборудование: С/в,18
381,Скручивания в короткой амплитуде,https://cloud.mail.ru/public/RRNC/DLCn7nRdG,Оборудование: С/в,18
382,Складка с мячом,https://cloud.mail.ru/public/yFsv/vEYLXo6R1,Оборудование: С/в,18
383,Скручивания с ногами на возвышении,https://cloud.mail.ru/public/V3gc/T2g6E6rtu,Оборудование: С/в,18
384,Скручивания,https://cloud.mail.ru/public/WuUv/B71QSGoHw,Оборудование: С/в,18
385,"""""Сладка""""        ",https://cloud.mail.ru/public/tRcP/dT621KHim,Оборудование: С/в,18
386,Вытягивание ног вдоль пола и подтягивание их к груди,https://cloud.mail.ru/public/XsnG/53r4VEJf3,Оборудование: С/в,18
387,Подошвенные сгибания в TRX,https://cloud.mail.ru/public/2CNd/4W5yLCUGq,Оборудование: TRX,18
388,Книжка без подддержки руками,https://cloud.mail.ru/public/H76L/z21vYGKkW,Оборудование: С/в,18
389,Ножницы с удержанием ноги в верхней точке,https://cloud.mail.ru/public/Seus/utsMQzb85,Оборудование: С/в,18
390,Планка у стены с пенным валиком,https://cloud.mail.ru/public/f6sd/41gAmXAu5,Оборудование: Пенный валик,18
391,Обратные скручивания,https://cloud.mail.ru/public/kpQF/joWvXH1hm,Оборудование: С/в,18
392,Горизонтыльные ножницы,https://cloud.mail.ru/public/7vZY/e5etJNadT,Оборудование: С/в,18
393,Уголок с прожимками,https://cloud.mail.ru/public/r5Tn/7EWmtTu9a,Оборудование: С/в,18
394,Проходка из планки,https://cloud.mail.ru/public/o6CQ/uGEbpRFtx,Оборудование: С/в,18
395,Задний наклон таза в TRX,https://cloud.mail.ru/public/DVKX/2RAK1YorW,Оборудование: TRX,18
396,Высокая-низкая планка,https://cloud.mail.ru/public/jdyQ/qCdQj8Tkx,Оборудование: С/в,18
397,Планка на фитболе,https://cloud.mail.ru/public/fPey/VngXou8TV,Оборудование: Фитбол,18
398,Планка на одной руке и ноге,https://cloud.mail.ru/public/aN8o/wMpjBuGwA,Оборудование: С/в,18
399,Задний наклон таза лежа,https://cloud.mail.ru/public/5ANJ/GNMkdsKGo,Оборудование: С/в,18
400,Велосипед на прямую мышцу живота,https://cloud.mail.ru/public/SnEQ/c4yZrV8Pv,Оборудование: С/в,18
401,Обратные скручивания,https://cloud.mail.ru/public/g7AE/2qrvMMUpX,Оборудование: С/в,18
402,Планка с выпрямлеными руками в доль пола,https://cloud.mail.ru/public/SK61/aJRTpYwyx,Оборудование: С/в,18
403,Скручивания на фитболе,https://cloud.mail.ru/public/Ss67/a1jUKcSPh,Оборудование: Фитбол,18
404,[object Object],https://cloud.mail.ru/public/gBuB/gCZkF9gXF,Оборудование: С/в,18
405,Скручивания с удержанием ног,https://cloud.mail.ru/public/AwzX/3dmtLdCWc,Оборудование: С/в,18
406,Вытягивание ног в доль пола с подъемом,https://cloud.mail.ru/public/sLTS/MHf7Nmpax,Оборудование: С/в,18
407,Раскрытый уголок,https://cloud.mail.ru/public/Nf25/JW8LTzFQb,Оборудование: С/в,18
408,Скручивания с Блином/Медболом (тяжелый мяч),https://cloud.mail.ru/public/LzDQ/xrP8aqBoV,Оборудование: С/в,18
409,Скручивания с поднятыми ногами с медболом,https://cloud.mail.ru/public/z44F/zwCMCaNaN,Оборудование: С/в,18
410,Скручивания с поочередным подносом коленей,https://cloud.mail.ru/public/65b2/453BntAuk,Оборудование: С/в,18
411,[object Object],https://cloud.mail.ru/public/WuUv/B71QSGoHw,Оборудование: С/в,18
412,Скручивания на Bosu,https://cloud.mail.ru/public/6rTf/Tgg4B8cvF,Оборудование: Bosu,18
413,"""""Скалолаз на косые""""",https://cloud.mail.ru/public/V45o/adc61BrRj,Оборудование: С/в,19
414,Скручивания на косые с поднятой ногой,https://cloud.mail.ru/public/T4BN/4Db3xSvnB,Оборудование: С/в,19
415,Скручивания на косые с удержанием ноги,https://cloud.mail.ru/public/H54T/F99UXPZrN,Оборудование: С/в,19
416," """"Диагональная складка""""",https://cloud.mail.ru/public/fRRW/VDg64e9kZ,Оборудование: С/в,19
417,Боковые скручивания на косые,https://cloud.mail.ru/public/KT1A/a8YYQXXpc,Оборудование: С/в,19
418,Дворники в висе на перекладине,https://cloud.mail.ru/public/mojh/EHeFJE8rw,Оборудование: Перекладина,19
419,Скручивания на боку,https://cloud.mail.ru/public/SA52/EELsLJCuz,Оборудование: С/в,19
420,Скручивания в боковой планке,https://cloud.mail.ru/public/R5Uh/dUTMhKpir,Оборудование: С/в,19
421,Планка  в TRX с диагональным скручиванием,https://cloud.mail.ru/public/UT7k/VxfZyt8dP,Оборудование: TRX,19
422,Птица-собака в TRX,https://cloud.mail.ru/public/ncAT/sgp3tejtK,Оборудование: TRX,19
423,Скручивания на косые с поперемынным вытягиванием ног,https://cloud.mail.ru/public/iLG2/8q5Gn9g8P,Оборудование: С/в,19
424,Ножницы на косые,https://cloud.mail.ru/public/v9SP/WRVGx8YZw,Оборудование: С/в,19
425,Подъем ног со скруткой на косые,https://cloud.mail.ru/public/56bH/Qe4wgh9Dt,Оборудование: С/в,19
426,"""""Дворники""""        ",https://cloud.mail.ru/public/ZTLi/WzZmWDD9x,Оборудование: С/в,19
427,"""""Велосипед на косые""""        ",https://cloud.mail.ru/public/hmq4/DgA3Undei,Оборудование: С/в,19
428,Скручивания на косые,https://cloud.mail.ru/public/qFAU/tE24t9Ux2,Оборудование: С/в,19
429,"""""Русский твист""""",https://cloud.mail.ru/public/c19X/ReutQZTJ6,Оборудование: С/в,19
430,Скручивания на косые TRX,https://cloud.mail.ru/public/HQ3c/aTTz6pVAz,Оборудование: TRX,19
431,Скручивания на косые с подъемом ног,https://cloud.mail.ru/public/Y2b8/fZLmqt9yj,Оборудование: С/в,19
432,Скручивания на косые в тренажере,https://cloud.mail.ru/public/aStQ/2kL1LCw3Z,Оборудование: Тр. Скамья для пресс,19
436,sdsd,,,2